{"inputUnits":[63],"outputUnits":10,"inputs":{"0":{"dtype":"number","min":0.14011912047863007,"max":0.8380088806152344},"1":{"dtype":"number","min":0.4963616728782654,"max":0.9748762845993042},"2":{"dtype":"number","min":-8.458674187750148e-7,"max":0.0000011593170938795083},"3":{"dtype":"number","min":0.23084373772144318,"max":0.7944515943527222},"4":{"dtype":"number","min":0.4689474105834961,"max":0.9483559727668762},"5":{"dtype":"number","min":-0.0793975368142128,"max":0.06840316951274872},"6":{"dtype":"number","min":0.19281083345413208,"max":0.7815486788749695},"7":{"dtype":"number","min":0.4192219376564026,"max":0.881435215473175},"8":{"dtype":"number","min":-0.11338759958744049,"max":0.08615486323833466},"9":{"dtype":"number","min":0.13556717336177826,"max":0.8162746429443359},"10":{"dtype":"number","min":0.38594600558280945,"max":0.8191041946411133},"11":{"dtype":"number","min":-0.14121532440185547,"max":0.07862815260887146},"12":{"dtype":"number","min":0.08426794409751892,"max":0.8608659505844116},"13":{"dtype":"number","min":0.3470018208026886,"max":0.8031896948814392},"14":{"dtype":"number","min":-0.1642666459083557,"max":0.06750375777482986},"15":{"dtype":"number","min":0.23645448684692383,"max":0.7694031596183777},"16":{"dtype":"number","min":0.28022438287734985,"max":0.7710162401199341},"17":{"dtype":"number","min":-0.05245944485068321,"max":0.1295640766620636},"18":{"dtype":"number","min":0.2365204393863678,"max":0.7828458547592163},"19":{"dtype":"number","min":0.2219974547624588,"max":0.7449773550033569},"20":{"dtype":"number","min":-0.08495237678289413,"max":0.13312596082687378},"21":{"dtype":"number","min":0.2343040108680725,"max":0.8064157962799072},"22":{"dtype":"number","min":0.22840364277362823,"max":0.7894496321678162},"23":{"dtype":"number","min":-0.10459423065185547,"max":0.11535237729549408},"24":{"dtype":"number","min":0.22568659484386444,"max":0.8244823813438416},"25":{"dtype":"number","min":0.16747131943702698,"max":0.8266270756721497},"26":{"dtype":"number","min":-0.12079095095396042,"max":0.10287952423095703},"27":{"dtype":"number","min":0.20246455073356628,"max":0.816959023475647},"28":{"dtype":"number","min":0.2688955068588257,"max":0.7470259666442871},"29":{"dtype":"number","min":-0.0510796457529068,"max":0.08782608062028885},"30":{"dtype":"number","min":0.19032737612724304,"max":0.8426844477653503},"31":{"dtype":"number","min":0.21361161768436432,"max":0.6553205251693726},"32":{"dtype":"number","min":-0.08809074014425278,"max":0.09057871997356415},"33":{"dtype":"number","min":0.19244444370269775,"max":0.8294353485107422},"34":{"dtype":"number","min":0.18623799085617065,"max":0.6092936396598816},"35":{"dtype":"number","min":-0.11157439649105072,"max":0.06382659822702408},"36":{"dtype":"number","min":0.18996436893939972,"max":0.8390602469444275},"37":{"dtype":"number","min":0.12488898634910583,"max":0.6587748527526855},"38":{"dtype":"number","min":-0.12466896325349808,"max":0.04627858102321625},"39":{"dtype":"number","min":0.15607556700706482,"max":0.8589784502983093},"40":{"dtype":"number","min":0.2657809555530548,"max":0.7520822286605835},"41":{"dtype":"number","min":-0.054515618830919266,"max":0.04610653966665268},"42":{"dtype":"number","min":0.1328984946012497,"max":0.8744997978210449},"43":{"dtype":"number","min":0.2195434272289276,"max":0.6569123268127441},"44":{"dtype":"number","min":-0.10064421594142914,"max":0.052988115698099136},"45":{"dtype":"number","min":0.13981236517429352,"max":0.8563985824584961},"46":{"dtype":"number","min":0.2134048044681549,"max":0.6767753958702087},"47":{"dtype":"number","min":-0.11114151775836945,"max":0.04060128331184387},"48":{"dtype":"number","min":0.13989517092704773,"max":0.8397315144538879},"49":{"dtype":"number","min":0.15225833654403687,"max":0.7209473252296448},"50":{"dtype":"number","min":-0.12791042029857635,"max":0.031268149614334106},"51":{"dtype":"number","min":0.11663977801799774,"max":0.8912244439125061},"52":{"dtype":"number","min":0.2731363773345947,"max":0.7816780209541321},"53":{"dtype":"number","min":-0.07272609323263168,"max":0.009569959715008736},"54":{"dtype":"number","min":0.10270339995622635,"max":0.9046042561531067},"55":{"dtype":"number","min":0.2273675799369812,"max":0.7133265137672424},"56":{"dtype":"number","min":-0.10113442689180374,"max":0.015117957256734371},"57":{"dtype":"number","min":0.11873145401477814,"max":0.8908605575561523},"58":{"dtype":"number","min":0.22873708605766296,"max":0.7078863382339478},"59":{"dtype":"number","min":-0.1048106700181961,"max":0.01902109943330288},"60":{"dtype":"number","min":0.12409733235836029,"max":0.9003317356109619},"61":{"dtype":"number","min":0.245193213224411,"max":0.7453527450561523},"62":{"dtype":"number","min":-0.1129327118396759,"max":0.020236128941178322}},"outputs":{"label":{"dtype":"string","min":0,"max":1,"uniqueValues":["1","2","3","4","5","6","7","8","9","10"],"legend":{"1":[1,0,0,0,0,0,0,0,0,0],"2":[0,1,0,0,0,0,0,0,0,0],"3":[0,0,1,0,0,0,0,0,0,0],"4":[0,0,0,1,0,0,0,0,0,0],"5":[0,0,0,0,1,0,0,0,0,0],"6":[0,0,0,0,0,1,0,0,0,0],"7":[0,0,0,0,0,0,1,0,0,0],"8":[0,0,0,0,0,0,0,1,0,0],"9":[0,0,0,0,0,0,0,0,1,0],"10":[0,0,0,0,0,0,0,0,0,1]}}},"isNormalized":true}